#SampleID	BarcodeSequence	LinkerPrimerSequence	ReversePrimer	Practice	Fertilizer	Description
DNA01	TAAGGCGATAGATCGC	CCTACGGGNGGCWGCAG	GACTACHVGGGTATCTAATCC	CT	0	Soil.NH4.1
DNA02	TAAGGCGACTCTCTAT	CCTACGGGNGGCWGCAG	GACTACHVGGGTATCTAATCC	CT	0	Soil.NH4.2
DNA03	TAAGGCGATATCCTCT	CCTACGGGNGGCWGCAG	GACTACHVGGGTATCTAATCC	CT	0	Soil.NH4.3
DNA04	TAAGGCGAAGAGTAGA	CCTACGGGNGGCWGCAG	GACTACHVGGGTATCTAATCC	CT	300	Soil.NH4.4
DNA05	TAAGGCGAGTAAGGAG	CCTACGGGNGGCWGCAG	GACTACHVGGGTATCTAATCC	CT	300	Soil.NH4.5
DNA06	TAAGGCGAACTGCATA	CCTACGGGNGGCWGCAG	GACTACHVGGGTATCTAATCC	CT	300	Soil.NH4.6
DNA07	TAAGGCGAAAGGAGTA	CCTACGGGNGGCWGCAG	GACTACHVGGGTATCTAATCC	PBB	0	Soil.NH4.7
DNA08	TAAGGCGACTAAGCCT	CCTACGGGNGGCWGCAG	GACTACHVGGGTATCTAATCC	PBB	0	Soil.NH4.8
DNA09	CGTACTAGTAGATCGC	CCTACGGGNGGCWGCAG	GACTACHVGGGTATCTAATCC	PBB	0	Soil.NH4.9
DNA10	CGTACTAGCTCTCTAT	CCTACGGGNGGCWGCAG	GACTACHVGGGTATCTAATCC	PBB	300	Soil.NH4.10
DNA11	CGTACTAGTATCCTCT	CCTACGGGNGGCWGCAG	GACTACHVGGGTATCTAATCC	PBB	300	Soil.NH4.11
DNA12	CGTACTAGAGAGTAGA	CCTACGGGNGGCWGCAG	GACTACHVGGGTATCTAATCC	PBB	300	Soil.NH4.12
DNA13	CGTACTAGGTAAGGAG	CCTACGGGNGGCWGCAG	GACTACHVGGGTATCTAATCC	PBC	0	Soil.NH4.13
DNA14	CGTACTAGACTGCATA	CCTACGGGNGGCWGCAG	GACTACHVGGGTATCTAATCC	PBC	0	Soil.NH4.14
DNA15	CGTACTAGAAGGAGTA	CCTACGGGNGGCWGCAG	GACTACHVGGGTATCTAATCC	PBC	0	Soil.NH4.15
DNA16	CGTACTAGCTAAGCCT	CCTACGGGNGGCWGCAG	GACTACHVGGGTATCTAATCC	PBC	300	Soil.NH4.16
DNA17	TCCTGAGCTAGATCGC	CCTACGGGNGGCWGCAG	GACTACHVGGGTATCTAATCC	PBC	300	Soil.NH4.17
DNA18	TCCTGAGCCTCTCTAT	CCTACGGGNGGCWGCAG	GACTACHVGGGTATCTAATCC	PBC	300	Soil.NH4.18